Model,Mean of Test Score,Standard Deviation of Test Score,Coefficient of Variation,Std Above Baseline
Logistic Regression,0.9403363891709876,0.0031626616032118453,0.0033633300163998627,266.4822890340335
Decision Tree,0.9400802877710823,0.003012959587161753,0.003205002409214898,279.6377374771609
Random Forest,0.9404557611142194,0.0037112643880534736,0.003946240260845972,227.12277738026393
XGBoost,0.9389675491004047,0.002861063665346118,0.0030470314635337647,294.09498068319436
